id,company_id,year,net_profit_margin_pct,operating_profit_margin_pct,return_on_equity_pct,debt_to_equity,interest_coverage,asset_turnover,free_cash_flow_cr,capex_cr,earnings_per_share,book_value_per_share,dividend_payout_ratio_pct,total_debt_cr,cash_from_operations_cr
1,ABB,Dec 2012,8.77,12.0,22.41,0.0,,1.8225,42.0,59.0,68.0,3.081,25.0,0,101.0
2,ABB,Mar 2014,8.7,12.0,25.13,0.0,,1.9982,11.0,144.0,93.0,3.7524,25.0,0,155.0
4,ABB,Mar 2015,10.0,14.0,24.44,0.0,,1.6659,28.0,187.0,108.0,4.4619,29.0,0,215.0
6,ABB,Mar 2016,9.76,14.0,21.34,0.0,138.3333,1.6176,172.0,77.0,120.0,5.6905,29.0,0,249.0
7,ABB,Mar 2016,9.76,14.0,21.34,0.0,138.3333,1.6176,728.0,816.0,120.0,5.6905,29.0,0,1544.0
8,ABB,Mar 2017,9.54,14.0,19.97,0.0,227.5,1.4051,152.0,155.0,130.0,6.6048,31.0,0,307.0
9,ABB,Mar 2017,9.54,14.0,19.97,0.0,227.5,1.4051,459.0,1730.0,130.0,6.6048,31.0,0,2189.0
12,ABB,Mar 2019,12.23,16.0,22.41,0.0,359.0,1.2509,242.0,257.0,212.0,9.5619,31.0,0,499.0
14,ABB,Mar 2020,14.49,18.0,24.39,0.072,96.7778,1.1539,225.0,401.0,279.0,11.5762,90.0,175,626.0
16,ABB,Mar 2021,16.03,21.0,26.56,0.0588,55.7222,1.1224,655.0,72.0,325.0,12.3905,85.0,153,727.0
18,ABB,Mar 2022,16.26,22.0,28.33,0.0539,61.3158,1.1631,552.0,396.0,376.0,13.4286,73.0,152,948.0
19,ABB,Mar 2022,16.26,22.0,28.33,0.0539,61.3158,1.1631,161.0,3936.0,376.0,13.4286,73.0,152,4097.0
20,ABB,Mar 2023,17.74,23.0,29.77,0.0354,85.0,1.1741,745.0,148.0,447.0,15.181,73.0,113,893.0
22,ABB,Mar 2024,20.53,25.0,32.47,0.0224,141.75,1.1263,797.0,416.0,565.0,17.6143,73.0,83,1213.0
23,ABB,Mar 2024,20.53,25.0,32.47,0.0224,141.75,1.1263,1095.0,4943.0,565.0,17.6143,73.0,83,6038.0
66,ADANIPORTS,Mar 2024,30.34,58.0,15.35,0.9373,5.9495,0.2283,8250.0,6768.0,38.0,12.2171,16.0,49470,15018.0
78,ADANIPORTS,Mar 2024,30.34,58.0,15.35,0.9373,5.9495,0.2283,8250.0,6768.0,38.0,12.2171,16.0,49470,15018.0
90,ADANIPOWER,Mar 2024,41.37,36.0,48.28,0.8023,8.2972,0.5472,17651.0,3481.0,54.0,1.1186,0.0,34616,14170.0
111,APOLLOHOSP,Mar 2022,7.56,15.0,19.7,0.7235,6.7467,1.1057,949.0,747.0,73.0,7.8097,16.0,4068,1696.0
114,ASIANPAINT,Mar 2013,11.04,17.0,34.28,0.0742,44.0714,1.5483,724.0,463.0,12.0,3.525,40.0,251,1187.0
115,ASIANPAINT,Mar 2013,11.04,17.0,34.28,0.0742,44.0714,1.5483,724.0,463.0,12.0,3.525,40.0,251,1187.0
116,ASIANPAINT,Mar 2014,10.34,16.0,31.27,0.0616,44.3333,1.5133,816.0,586.0,13.0,4.2073,42.0,249,1402.0
117,ASIANPAINT,Mar 2014,10.34,16.0,31.27,0.0616,44.3333,1.5133,816.0,586.0,13.0,4.2073,42.0,249,1402.0
118,ASIANPAINT,Mar 2015,10.48,16.0,30.09,0.0881,56.7857,1.5274,723.0,465.0,15.0,4.9396,42.0,418,1188.0
119,ASIANPAINT,Mar 2015,10.48,16.0,30.09,0.0881,56.7857,1.5274,723.0,465.0,15.0,4.9396,42.0,418,1188.0
120,ASIANPAINT,Mar 2016,12.63,19.0,27.63,0.0495,59.9592,1.3515,1377.0,866.0,18.0,6.7969,41.0,323,2243.0
121,ASIANPAINT,Mar 2016,12.63,19.0,27.63,0.0495,59.9592,1.3515,1377.0,866.0,18.0,6.7969,41.0,323,2243.0
122,ASIANPAINT,Mar 2017,13.38,20.0,26.51,0.0736,90.0541,1.2142,846.0,681.0,20.0,7.9208,51.0,560,1527.0
123,ASIANPAINT,Mar 2017,13.38,20.0,26.51,0.0736,90.0541,1.2142,846.0,681.0,20.0,7.9208,51.0,560,1527.0
124,ASIANPAINT,Mar 2018,12.47,19.0,24.95,0.0634,86.3415,1.2225,557.0,1556.0,21.0,8.7604,41.0,533,2113.0
125,ASIANPAINT,Mar 2018,12.47,19.0,24.95,0.0634,86.3415,1.2225,557.0,1556.0,21.0,8.7604,41.0,533,2113.0
126,ASIANPAINT,Mar 2019,11.48,20.0,23.31,0.1394,36.7182,1.1841,1552.0,918.0,22.0,9.8656,47.0,1320,2470.0
127,ASIANPAINT,Mar 2019,11.48,20.0,23.31,0.1394,36.7182,1.1841,1552.0,918.0,22.0,9.8656,47.0,1320,2470.0
128,ASIANPAINT,Mar 2020,13.73,21.0,27.38,0.1104,44.2353,1.2524,2520.0,518.0,28.0,10.5521,43.0,1118,3038.0
129,ASIANPAINT,Mar 2020,13.73,21.0,27.38,0.1104,44.2353,1.2524,2520.0,518.0,28.0,10.5521,43.0,1118,3038.0
130,ASIANPAINT,Mar 2021,14.77,22.0,25.04,0.0854,56.3913,1.0667,3142.0,541.0,33.0,13.3396,55.0,1093,3683.0
131,ASIANPAINT,Mar 2021,14.77,22.0,25.04,0.0854,56.3913,1.0667,3142.0,541.0,33.0,13.3396,55.0,1093,3683.0
132,ASIANPAINT,Mar 2022,10.6,17.0,22.34,0.1149,53.6842,1.2676,669.0,317.0,32.0,14.3875,61.0,1587,986.0
133,ASIANPAINT,Mar 2022,10.6,17.0,22.34,0.1149,53.6842,1.2676,669.0,317.0,32.0,14.3875,61.0,1587,986.0
134,ASIANPAINT,Mar 2023,12.16,18.0,26.23,0.1209,46.4653,1.3379,2911.0,1282.0,43.0,16.6583,60.0,1933,4193.0
135,ASIANPAINT,Mar 2023,12.16,18.0,26.23,0.1209,46.4653,1.3379,2911.0,1282.0,43.0,16.6583,60.0,1933,4193.0
136,ASIANPAINT,Mar 2024,15.66,21.0,29.68,0.1321,41.0049,1.1871,3556.0,2548.0,57.0,19.5083,58.0,2474,6104.0
137,ASIANPAINT,Mar 2024,15.66,21.0,29.68,0.1321,41.0049,1.1871,3556.0,2548.0,57.0,19.5083,58.0,2474,6104.0
138,BAJAJ-AUTO,Mar 2013,15.65,18.0,38.85,0.0144,4446.0,1.584,824.0,1394.0,108.0,2.7907,42.0,116,2218.0
139,BAJAJ-AUTO,Mar 2013,15.65,18.0,38.85,0.0144,4446.0,1.584,824.0,1394.0,108.0,2.7907,42.0,116,2218.0
140,BAJAJ-AUTO,Mar 2014,16.79,21.0,33.23999999999999,0.0058,4837.0,1.3155,1430.0,2072.0,117.0,3.518,43.0,59,3502.0
141,BAJAJ-AUTO,Mar 2014,16.79,21.0,33.23999999999999,0.0058,4837.0,1.3155,1430.0,2072.0,117.0,3.518,43.0,59,3502.0
142,BAJAJ-AUTO,Mar 2015,14.01,19.0,27.27,0.0101,726.0,1.3526,1734.0,380.0,105.0,3.8391,48.0,112,2114.0
143,BAJAJ-AUTO,Mar 2015,14.01,19.0,27.27,0.0101,726.0,1.3526,1734.0,380.0,105.0,3.8391,48.0,112,2114.0
144,BAJAJ-AUTO,Mar 2016,17.99,21.0,28.97,0.0084,5987.0,1.3094,3622.0,68.0,140.0,4.8512,39.0,118,3690.0
145,BAJAJ-AUTO,Mar 2016,17.99,21.0,28.97,0.0084,5987.0,1.3094,3622.0,68.0,140.0,4.8512,39.0,118,3690.0
148,BAJAJ-AUTO,Mar 2018,16.74,19.0,20.66,0.0059,6250.0,1.0027,2374.0,1954.0,146.0,7.0675,41.0,121,4328.0
149,BAJAJ-AUTO,Mar 2018,16.74,19.0,20.66,0.0059,6250.0,1.0027,2374.0,1954.0,146.0,7.0675,41.0,121,4328.0
150,BAJAJ-AUTO,Mar 2019,16.23,17.0,21.21,0.0054,1806.5,1.0529,2214.0,273.0,170.0,8.0391,35.0,125,2487.0
151,BAJAJ-AUTO,Mar 2019,16.23,17.0,21.21,0.0054,1806.5,1.0529,2214.0,273.0,170.0,8.0391,35.0,125,2487.0
152,BAJAJ-AUTO,Mar 2020,17.42,17.0,24.06,0.0058,2313.6667,1.1286,5616.0,1766.0,180.0,7.4955,67.0,126,3850.0
153,BAJAJ-AUTO,Mar 2020,17.42,17.0,24.06,0.0058,2313.6667,1.1286,5616.0,1766.0,180.0,7.4955,67.0,126,3850.0
154,BAJAJ-AUTO,Mar 2021,17.51,18.0,17.81,0.0044,929.7143,0.8256,251.0,2869.0,168.0,9.437,83.0,121,3120.0
155,BAJAJ-AUTO,Mar 2021,17.51,18.0,17.81,0.0044,929.7143,0.8256,251.0,2869.0,168.0,9.437,83.0,121,3120.0
156,BAJAJ-AUTO,Mar 2022,18.6,16.0,20.65,0.0041,881.1111,0.944,4473.0,276.0,213.0,10.3318,66.0,123,4197.0
157,BAJAJ-AUTO,Mar 2022,18.6,16.0,20.65,0.0041,881.1111,0.944,4473.0,276.0,213.0,10.3318,66.0,123,4197.0
158,BAJAJ-AUTO,Mar 2023,16.62,18.0,20.64,0.0042,204.2,1.0375,6488.0,1211.0,214.0,10.3753,65.0,124,5277.0
159,BAJAJ-AUTO,Mar 2023,16.62,18.0,20.64,0.0042,204.2,1.0375,6488.0,1211.0,214.0,10.3753,65.0,124,5277.0
160,BAJAJ-AUTO,Mar 2024,17.18,20.0,26.61,0.066,174.4167,1.1405,6486.0,72.0,276.0,10.3806,29.0,1912,6558.0
161,BAJAJ-AUTO,Mar 2024,17.18,20.0,26.61,0.066,174.4167,1.1405,6486.0,72.0,276.0,10.3806,29.0,1912,6558.0
186,BAJAJHLDNG,Mar 2013,550.74,95.0,17.94,0.0,,0.0313,104.0,369.0,167.0,9.3198,15.0,0,473.0
187,BAJAJHLDNG,Mar 2014,469.98,94.0,16.57,0.0,,0.034,353.0,519.0,179.0,10.8099,17.0,0,872.0
188,BAJAJHLDNG,Mar 2015,387.21,92.0,15.15,0.0,,0.0377,332.0,464.0,182.0,12.0658,19.0,0,796.0
238,BEL,Mar 2019,15.51,24.0,3851.02,0.9592,186.375,96.5397,618.0,896.0,3.0,0.4455,44.0,47,1514.0
239,BEL,Mar 2020,14.07,21.0,3318.18,0.8,357.25,106.2951,1921.0,649.0,3.0,0.5,37.0,44,2570.0
240,BEL,Mar 2021,14.88,23.0,3559.32,0.8305,333.9,92.8224,2498.0,2595.0,3.0,0.5364,46.0,49,5093.0
242,BEL,Mar 2023,16.84,23.0,3981.33,0.52,230.0526,123.1528,3907.0,2708.0,4.0,0.6818,44.0,39,1199.0
244,BHEL,Mar 2013,13.69,19.0,21.91,0.0883,82.9297,0.6809,646.0,1113.0,18.0,6.2345,20.0,2698,1759.0
256,BOSCHLTD,Dec 2012,11.06,16.0,17.19,0.0413,286.5,1.0958,47.0,824.0,305.0,17.9774,20.0,230,871.0
258,BOSCHLTD,Mar 2015,11.07,16.0,18.21,0.0151,179.8571,1.1587,213.0,1183.0,426.0,23.7,20.0,111,1396.0
259,BOSCHLTD,Mar 2016,15.78,19.0,16.06,0.0052,192.3846,0.7803,323.0,995.0,488.0,30.7581,17.0,50,1318.0
260,BOSCHLTD,Mar 2017,16.68,19.0,19.79,0.0,106.4815,0.8843,2703.0,1246.0,570.0,29.33,29.0,0,1457.0
262,BOSCHLTD,Mar 2019,13.22,18.0,17.51,0.0,211.8462,0.9508,2359.0,1766.0,542.0,30.4233,19.0,0,593.0
267,BOSCHLTD,Mar 2024,14.89,13.0,20.64,0.0032,71.7843,0.9638,1536.0,283.0,844.0,40.2133,44.0,39,1253.0
271,BPCL,Mar 2016,4.31,7.0,29.1,0.8415,21.8882,2.1732,1886.0,9233.0,19.0,4.2369,25.0,23388,11119.0
279,BPCL,Mar 2024,5.99,10.0,35.51000000000001,0.7219,11.3555,2.2137,25415.0,10521.0,62.0,3.541,33.0,54599,35936.0
280,BRITANNIA,Mar 2013,4.2,7.0,46.59,0.681,11.5366,3.2847,348.0,28.0,11.0,2.325,39.0,380,320.0
281,BRITANNIA,Mar 2014,5.71,9.0,49.5,0.188,82.625,3.281,425.0,246.0,16.0,3.325,36.0,150,671.0
282,BRITANNIA,Mar 2015,8.77,11.0,55.34,0.1165,274.5,2.8135,134.0,450.0,29.0,5.1875,28.0,145,584.0
283,BRITANNIA,Mar 2016,9.82,15.0,39.44,0.0626,267.8,2.4033,254.0,705.0,34.0,8.7167,29.0,131,959.0
284,BRITANNIA,Mar 2017,9.77,14.0,32.83,0.0464,285.8,2.2035,291.0,150.0,37.0,11.2333,30.0,125,441.0
285,BRITANNIA,Mar 2018,10.13,15.0,29.48,0.059,208.375,1.9109,292.0,957.0,42.0,14.1917,30.0,201,1249.0
286,BRITANNIA,Mar 2019,10.45,16.0,27.16,0.0367,215.3333,1.7722,304.0,852.0,48.0,17.7208,31.0,156,1156.0
288,BRITANNIA,Mar 2021,14.09,19.0,52.17,0.5981,25.4234,1.642,2309.0,433.0,77.0,14.7833,204.0,2122,1876.0
289,BRITANNIA,Mar 2022,10.72,16.0,59.27,0.9699,16.8264,1.878,2214.0,914.0,63.0,10.6583,89.0,2481,1300.0
290,BRITANNIA,Mar 2023,14.21,17.0,65.53,0.848,20.284,1.7432,1019.0,1507.0,96.0,14.725,75.0,2997,2526.0
291,BRITANNIA,Mar 2024,12.73,19.0,54.15,0.524,20.5976,1.8484,3050.0,477.0,89.0,16.4208,83.0,2065,2573.0
327,CIPLA,Mar 2024,16.12,6291.0,15.55,0.0209,35.3388,0.7922,1152.0,2982.0,51.0,16.5876,25.0,559,4134.0
328,COALINDIA,Mar 2013,25.41,18087.0,35.81,0.0269,5.7406,0.6154,7276.0,1833.0,27.0,0.7674,51.0,1305,9109.0
329,COALINDIA,Mar 2014,21.4,17766.0,35.64,0.0042,7.3744,0.6729,23105.0,8580.0,24.0,0.6714,121.0,178,14525.0
330,COALINDIA,Mar 2015,18.52,17343.0,34.02,0.0101,8.6454,0.6661,15276.0,894.0,22.0,0.6389,95.0,408,14382.0
331,COALINDIA,Mar 2016,18.32,18714.0,40.96,0.0344,9.9631,0.6856,21308.0,8154.0,23.0,0.5515,121.0,1199,13154.0
332,COALINDIA,Mar 2017,11.87,12448.0,37.85,0.1229,12.3649,0.6591,16916.0,455.0,15.0,0.395,133.0,3014,16461.0
333,COALINDIA,Mar 2018,8.260000000000002,9288.0,34.88,0.0762,15.2697,0.6794,13368.0,7747.0,11.0,0.3251,146.0,1538,21115.0
334,COALINDIA,Mar 2019,17.54,25007.0,66.01,0.0835,12.7878,0.7486,8460.0,7896.0,28.0,0.4293,46.0,2210,16356.0
335,COALINDIA,Mar 2020,17.38,21581.0,51.93,0.2001,11.5646,0.6404,6010.0,1033.0,27.0,0.5218,44.0,6434,4977.0
336,COALINDIA,Mar 2021,14.11,18628.0,34.78,0.1611,19.0858,0.559,10774.0,182.0,21.0,0.5925,78.0,5884,10592.0
337,COALINDIA,Mar 2022,15.84,24721.0,40.28,0.0815,21.9912,0.6114,15392.0,25715.0,28.0,0.7,60.0,3514,41107.0
338,COALINDIA,Mar 2023,22.95,44232.0,52.14,0.0712,14.3372,0.6245,12269.0,23465.0,52.0,0.9872,47.0,4331,35734.0
339,COALINDIA,Mar 2024,26.26,47971.0,45.17,0.0788,11.2418,0.6019,13617.0,4486.0,61.0,1.3424,42.0,6523,18103.0
340,DABUR,Mar 2013,12.48,16.0,36.56,0.5494,18.5085,1.3039,248.0,622.0,4.0,1.204,34.0,1151,870.0
341,DABUR,Mar 2014,12.98,16.0,34.48999999999999,0.2666,23.8519,1.3287,994.0,104.0,5.0,1.5264,33.0,708,1098.0
342,DABUR,Mar 2015,13.7,17.0,31.84,0.2188,36.85,1.2766,171.0,876.0,6.0,1.9057,33.0,734,1047.0
343,DABUR,Mar 2016,16.12,20.0,30.06,0.193,36.1458,1.1223,457.0,730.0,7.0,2.3699,32.0,805,1187.0
344,DABUR,Mar 2017,16.81,20.0,26.41,0.2012,33.4815,0.9847,420.0,807.0,7.0,2.754,31.0,975,1227.0
345,DABUR,Mar 2018,17.59,21.0,23.8,0.1644,36.0,0.8874,551.0,541.0,8.0,3.242,81.0,938,1092.0
346,DABUR,Mar 2019,16.98,20.0,25.67,0.1241,32.7,1.0092,1837.0,338.0,8.0,3.1819,34.0,699,1499.0
347,DABUR,Mar 2020,16.67,21.0,21.92,0.079,39.94,0.9302,1097.0,517.0,8.0,3.7322,37.0,522,1614.0
348,DABUR,Mar 2021,17.73,21.0,22.12,0.0664,75.0645,0.8827,711.0,1404.0,10.0,4.3299,50.0,509,2115.0
349,DABUR,Mar 2022,16.0,21.0,20.78,0.1229,65.641,0.8864,529.0,1273.0,10.0,4.7356,53.0,1030,1802.0
350,DABUR,Mar 2023,14.75,19.0,18.96,0.1308,33.4231,0.8446,905.0,583.0,10.0,5.0695,54.0,1174,1488.0
351,DABUR,Mar 2024,14.6,19.0,18.36,0.1384,23.2419,0.8206,1042.0,971.0,10.0,5.574,53.0,1365,2013.0
352,DIVISLAB,Mar 2013,28.07,38.0,24.07,0.0132,287.0,0.6833,225.0,255.0,23.0,9.263,33.0,33,480.0
353,DIVISLAB,Mar 2014,30.53,40.0,26.08,0.0061,362.0,0.6825,252.0,305.0,29.0,10.9778,34.0,18,557.0
354,DIVISLAB,Mar 2015,27.35,38.0,24.37,0.0077,403.6667,0.7072,305.0,521.0,32.0,12.9481,31.0,27,826.0
355,DIVISLAB,Mar 2016,29.82,38.0,26.23,0.0098,303.2,0.7709,632.0,406.0,42.0,8.1,24.0,42,1038.0
356,DIVISLAB,Mar 2017,26.08,36.0,19.79,0.0067,507.3333,0.6603,10.0,1140.0,40.0,10.1075,25.0,36,1150.0
358,DIVISLAB,Mar 2019,27.36,38.0,19.45,0.0152,405.6,0.6155,269.0,685.0,51.0,13.1264,31.0,106,954.0
359,DIVISLAB,Mar 2020,25.53,34.0,18.84,0.0053,287.4286,0.6323,1133.0,83.0,52.0,13.7925,31.0,39,1216.0
360,DIVISLAB,Mar 2021,28.47,41.0,21.34,0.0005,1462.0,0.647,2022.0,75.0,75.0,17.5377,27.0,5,1947.0
381,DMART,Mar 2018,5.36,9.0,17.26,0.094,24.0167,2.6617,1194.0,464.0,13.0,0.7482,0.0,439,730.0
389,DRREDDY,Mar 2014,14.63,24.0,24.96,0.5692,26.937,0.8434,366.0,1604.0,23.0,9.2529,16.0,4477,1970.0
390,DRREDDY,Mar 2015,15.55,23.0,23.71,0.4378,34.8889,0.8139,154.0,2370.0,27.0,11.5918,15.0,4314,2524.0
391,DRREDDY,Mar 2016,13.69,23.0,16.95,0.2667,46.747,0.7658,1653.0,1610.0,25.0,14.7871,16.0,3352,3263.0
398,DRREDDY,Mar 2023,18.27,26.0,19.35,0.0578,52.035,0.7659,1779.0,4109.0,54.0,28.0554,15.0,1347,5888.0
399,DRREDDY,Mar 2024,19.91,28.0,19.74,0.0709,51.7076,0.7223,509.0,4034.0,67.0,34.041,12.0,2002,4543.0
403,EICHERMOT,Mar 2016,21.68,27.0,36.63,0.0063,1008.0,1.2498,462.0,1001.0,49.0,13.5296,20.0,23,1463.0
405,EICHERMOT,Mar 2018,21.86,31.0,27.88,0.0215,669.0,0.9415,337.0,2145.0,72.0,26.037,15.0,151,2482.0
406,EICHERMOT,Mar 2019,22.49,30.0,24.7,0.021,515.0,0.8604,915.0,660.0,81.0,33.0296,15.0,187,1575.0
407,EICHERMOT,Mar 2020,19.96,24.0,18.3,0.0249,145.0,0.7353,186.0,1508.0,67.0,36.9667,19.0,249,1694.0
410,EICHERMOT,Mar 2023,20.18,24.0,19.44,0.0192,155.5,0.7523,426.0,2397.0,107.0,55.5185,35.0,288,2823.0
411,EICHERMOT,Mar 2024,24.2,26.0,22.17,0.0232,114.7059,0.7154,890.0,2834.0,146.0,66.8333,35.0,419,3724.0
419,GAIL,Mar 2020,13.12,12.0,19.31,0.1403,41.4822,0.9678,46.0,8299.0,14.0,1.0924,31.0,6912,8345.0
421,GAIL,Mar 2022,13.26,16.0,19.19,0.1437,89.5347,0.9605,3930.0,5490.0,18.0,1.444,36.0,9216,9420.0
425,GODREJCP,Mar 2014,10.78,15.0,21.7,0.6286,10.2583,0.9133,622.0,494.0,7.0,11.1029,24.0,2373,1116.0
427,GODREJCP,Mar 2016,9.86,20.0,19.48,0.6775,10.8984,0.8703,225.0,622.0,8.0,12.55,24.0,2891,847.0
429,GODREJCP,Mar 2018,16.59,21.0,26.11,0.5606,13.6821,0.7103,1387.0,336.0,16.0,9.2029,42.0,3508,1723.0
430,GODREJCP,Mar 2019,22.71,21.0,32.23,0.4654,10.479,0.7318,2003.0,274.0,23.0,7.1245,44.0,3382,1729.0
431,GODREJCP,Mar 2020,15.1,22.0,18.95,0.4526,9.5877,0.6661,1036.0,552.0,15.0,7.7431,55.0,3575,1588.0
432,GODREJCP,Mar 2021,15.6,22.0,18.23,0.1975,17.5507,0.7743,1738.0,292.0,17.0,9.2539,0.0,1864,2030.0
433,GODREJCP,Mar 2022,14.52,20.0,15.43,0.1475,20.3852,0.7633,607.0,844.0,17.0,11.3294,0.0,1704,1451.0
448,HAL,Mar 2017,14.57,18.0,1966.92,0.015,267.5,105.5882,2598.0,3021.0,36.0,2.66,31.0,2,-423.0
451,HAL,Mar 2020,13.25,23.0,2059.42,0.0145,14.7493,123.9595,203.0,1334.0,42.0,2.76,39.0,2,1537.0
452,HAL,Mar 2021,14.16,23.0,2249.31,0.0417,21.3521,123.0215,13934.0,1190.0,48.0,2.88,31.0,6,15124.0
454,HAL,Mar 2023,21.58,25.0,3283.05,0.2655,130.3281,99.3653,3102.0,5734.0,87.0,3.54,32.0,47,8836.0
455,HAL,Mar 2024,25.0,32.0,3816.58,0.6181,270.8837,67.5133,1814.0,6412.0,114.0,3.98,31.0,123,8226.0
456,HAVELLS,Mar 2013,8.14,9.0,40.29,0.681,7.2846,1.6005,494.0,144.0,9.0,2.3258,16.0,982,638.0
457,HAVELLS,Mar 2014,5.54,10.0,26.77,0.6327,7.9608,1.5099,492.0,376.0,7.0,2.6871,42.0,1054,868.0
458,HAVELLS,Mar 2015,4.55,9.0,21.18,0.2332,8.3646,1.7686,478.0,485.0,6.0,2.9323,49.0,424,963.0
459,HAVELLS,Mar 2016,17.12,10.0,42.95,0.0443,19.1758,1.731,392.0,121.0,21.0,4.8823,29.0,134,513.0
460,HAVELLS,Mar 2017,8.06,13.0,15.08,0.0635,65.9231,1.1861,547.0,220.0,8.0,5.2839,44.0,208,767.0
461,HAVELLS,Mar 2018,8.14,13.0,17.72,0.0308,45.2,1.2282,154.0,946.0,11.0,5.9206,4.0,115,1100.0
462,HAVELLS,Mar 2019,7.82,12.0,18.77,0.0224,82.0625,1.4092,686.0,185.0,13.0,6.6635,36.0,94,501.0
463,HAVELLS,Mar 2020,7.79,11.0,17.05,0.0167,23.0196,1.3347,279.0,548.0,12.0,6.8444,34.0,72,827.0
465,HAVELLS,Mar 2022,8.58,13.0,19.92,0.1026,28.8657,1.3245,969.0,759.0,19.0,9.5286,39.0,616,1728.0
466,HAVELLS,Mar 2023,6.34,10.0,16.18,0.0337,32.7091,1.5157,596.0,31.0,17.0,10.5175,44.0,223,565.0
467,HAVELLS,Mar 2024,6.84,10.0,17.07,0.0407,25.3571,1.4952,335.0,1618.0,20.0,11.8206,44.0,303,1953.0
468,HCLTECH,Jun 2013,15.79,22.0,30.69,0.0793,56.717,1.1421,2131.0,2361.0,14.0,9.4705,21.0,1044,4492.0
469,HCLTECH,Jun 2014,20.31,25.0,33.39,0.0521,76.4211,1.0722,1615.0,4842.0,23.0,13.9643,11.0,1018,6457.0
470,HCLTECH,Jun 2015,20.0,23.0,30.31,0.0268,105.6264,1.0413,3451.0,2088.0,26.0,8.6206,58.0,648,5539.0
471,HCLTECH,Mar 2017,18.09,22.0,26.12,0.0177,128.7528,1.0395,5105.0,3890.0,30.0,11.5611,40.0,582,8995.0
472,HCLTECH,Mar 2018,17.25,22.0,23.97,0.0153,180.8116,1.0538,6092.0,2236.0,31.0,13.0885,19.0,557,8328.0
473,HCLTECH,Mar 2019,16.75,23.0,24.46,0.1014,85.454,1.0356,5715.0,3256.0,37.0,15.2642,11.0,4195,8971.0
474,HCLTECH,Mar 2020,15.64,24.0,21.57,0.1558,35.4554,0.8534,1027.0,12332.0,41.0,9.4414,25.0,7986,13359.0
475,HCLTECH,Mar 2021,14.82,27.0,18.64,0.1146,41.047,0.876,13953.0,5665.0,41.0,11.0337,24.0,6864,19618.0
476,HCLTECH,Mar 2022,15.79,24.0,21.84,0.1024,67.6991,0.9632,18497.0,1597.0,50.0,11.4022,84.0,6343,16900.0
477,HCLTECH,Mar 2023,14.63,22.0,22.7,0.0733,67.949,1.088,14436.0,3573.0,55.0,12.0451,88.0,4794,18009.0
478,HCLTECH,Mar 2024,14.29,22.0,23.01,0.0844,46.4611,1.1102,15840.0,6608.0,58.0,12.5715,90.0,5758,22448.0
493,HDFCLIFE,Mar 2015,2.89,874.0,30.93,0.0,333.4684,0.3927,945.0,3514.0,4.0,0.1274,18.0,0,4459.0
494,HDFCLIFE,Mar 2016,4.5,953.0,26.33,0.0,159.1852,0.237,1725.0,3962.0,4.0,0.1555,22.0,0,5687.0
495,HDFCLIFE,Mar 2017,2.89,972.0,23.18,0.0,213.5036,0.3223,1053.0,5177.0,4.0,0.1915,25.0,0,6230.0
496,HDFCLIFE,Mar 2018,3.43,1074.0,23.53,0.0,110.5993,0.292,2318.0,4421.0,6.0,0.2338,25.0,0,6739.0
499,HDFCLIFE,Mar 2021,1.9,1235.0,15.75,0.0694,157.9685,0.3981,751.0,8952.0,7.0,0.4275,30.0,600,9703.0
503,HEROMOTOCO,Mar 2014,8.32,3553.0,37.38,0.0505,50.5488,2.497,1347.0,1616.0,105.0,14.0575,62.0,284,2963.0
504,HEROMOTOCO,Mar 2015,8.58,3520.0,36.15,0.0153,73.9415,2.5848,2217.0,31.0,118.0,16.35,51.0,100,2186.0
505,HEROMOTOCO,Mar 2016,10.94,4424.0,35.23,0.0263,57.1235,2.2067,1422.0,2300.0,157.0,22.085,46.0,232,3722.0
506,HEROMOTOCO,Mar 2017,12.39,4585.0,34.37,0.0253,28.9651,1.8685,2035.0,1972.0,179.0,25.79,47.0,261,4007.0
507,HEROMOTOCO,Mar 2018,11.47,5334.0,31.09,0.019,48.1206,1.8657,2159.0,1858.0,186.0,29.93,51.0,228,4017.0
508,HEROMOTOCO,Mar 2019,10.2,5025.0,26.42,0.0238,39.0837,1.8359,2330.0,1298.0,172.0,32.8,50.0,312,1032.0
509,HEROMOTOCO,Mar 2020,12.51,4070.0,25.4,0.0314,17.5718,1.4869,2699.0,2819.0,182.0,36.015,49.0,453,5518.0
510,HEROMOTOCO,Mar 2021,9.48,4058.0,19.05,0.0379,48.6709,1.3404,1821.0,2289.0,146.0,38.54,72.0,584,4110.0
512,HEROMOTOCO,Mar 2023,8.200000000000001,4099.0,16.81,0.0341,53.037,1.4282,2193.0,421.0,141.0,41.64,71.0,568,2614.0
513,HEROMOTOCO,Mar 2024,9.9,5235.0,21.14,0.0342,47.2685,1.4449,3095.0,1828.0,187.0,44.2475,75.0,606,4923.0
523,HINDALCO,Mar 2022,7.04,28347.0,17.56,0.8247,133.0623,0.8792,10065.0,6773.0,61.0,35.2212,6.0,64486,16838.0
526,HINDUNILVR,Mar 2013,14.22,4220.0,134.0,0.0087,20.3028,2.2332,3668.0,63.0,18.0,1.3264,104.0,25,3605.0
527,HINDUNILVR,Mar 2014,13.53,4759.0,111.85,0.013,30.923,2.1255,3343.0,475.0,18.0,1.6375,71.0,46,3818.0
528,HINDUNILVR,Mar 2015,13.69,5412.0,108.67,0.0107,21.3128,2.2157,3430.0,138.0,20.0,1.8644,74.0,43,3292.0
529,HINDUNILVR,Mar 2016,12.9,5910.0,63.14999999999999,0.0269,54.1029,2.1758,3889.0,282.0,19.0,3.0431,83.0,177,4171.0
530,HINDUNILVR,Mar 2017,13.54,6328.0,66.58,0.0411,44.3119,2.1114,4012.0,1173.0,21.0,3.1222,82.0,277,5185.0
531,HINDUNILVR,Mar 2018,14.71,7499.0,71.78999999999999,0.0,79.5099,1.99,4996.0,1063.0,24.0,3.3708,83.0,0,6059.0
532,HINDUNILVR,Mar 2019,15.42,8880.0,77.03,0.0126,94.5745,2.1102,5362.0,438.0,28.0,3.6421,78.0,99,5800.0
533,HINDUNILVR,Mar 2020,16.98,9861.0,82.1,0.0,70.6297,1.974,9414.0,1791.0,31.0,3.8097,80.0,0,7623.0
534,HINDUNILVR,Mar 2021,17.01,11626.0,16.78,0.0,208.3941,0.6841,7935.0,1228.0,34.0,20.2868,119.0,0,9163.0
535,HINDUNILVR,Mar 2022,16.95,12857.0,18.12,0.0213,180.8858,0.7439,7320.0,1728.0,38.0,20.877,90.0,1043,9048.0
536,HINDUNILVR,Mar 2023,16.74,14147.0,20.16,0.0242,103.6964,0.829,8507.0,1484.0,43.0,21.406,91.0,1219,9991.0
537,HINDUNILVR,Mar 2024,16.61,14659.0,20.07,0.029,57.847,0.7886,10145.0,5324.0,44.0,21.7949,96.0,1484,15469.0
550,ICICIGI,Mar 2013,8.799999999999999,-178.0,18.88,0.0,7.1451,0.3175,22.0,962.0,8.0,0.4279,0.0,0,984.0
552,ICICIGI,Mar 2015,13.82,-221.0,20.27,0.0,4.4869,0.2891,73.0,171.0,13.0,0.6456,15.0,0,-98.0
553,ICICIGI,Mar 2016,8.4,764.0,15.66,0.0,,0.3849,201.0,310.0,11.0,0.7225,26.0,0,511.0
555,ICICIGI,Mar 2018,12.47,-262.0,18.98,0.1068,4.5698,0.2323,494.0,1896.0,19.0,1.0002,17.0,485,2390.0
556,ICICIGI,Mar 2019,9.4,1669.0,19.43,0.0898,-4754.5,0.3342,120.0,2856.0,23.0,1.1894,26.0,485,2976.0
557,ICICIGI,Mar 2020,10.37,1772.0,19.47,0.0791,650.6667,0.3109,51.0,3382.0,26.0,1.3511,13.0,485,3433.0
558,ICICIGI,Mar 2021,12.11,2072.0,19.38,0.0638,842.25,0.3095,407.0,1367.0,32.0,1.6701,25.0,485,1774.0
560,ICICIGI,Mar 2023,9.67,1264.0,16.55,0.0034,16.7699,0.3245,605.0,1685.0,35.0,2.1271,31.0,35,2290.0
561,ICICIGI,Mar 2024,9.37,2577.0,15.72,0.0029,160.0268,0.3236,486.0,1921.0,39.0,2.4757,28.0,35,2407.0
563,ICICIPRULI,Mar 2014,7.13,1504.0,35.61,0.0,158.0698,0.2687,3630.0,6012.0,11.0,0.3067,70.0,0,-2382.0
565,ICICIPRULI,Mar 2016,7.91,1842.0,31.0,0.1933,,0.199,3661.0,27.0,12.0,0.3717,73.0,1029,3634.0
566,ICICIPRULI,Mar 2017,4.45,1806.0,26.26,0.0,277.0385,0.3032,3434.0,696.0,12.0,0.4464,63.0,0,4130.0
567,ICICIPRULI,Mar 2018,4.17,1771.0,24.63,0.0,280.8106,0.2738,301.0,5389.0,11.0,0.4578,59.0,0,5690.0
568,ICICIPRULI,Mar 2019,2.75,541.0,16.58,0.0,50.3358,0.2542,3818.0,7559.0,8.0,0.4785,40.0,0,11377.0
586,INFY,Mar 2013,23.37,29.0,24.82,0.0,2780.6,0.872,4451.0,2922.0,21.0,13.2846,25.0,0,7373.0
587,INFY,Mar 2014,21.26,27.0,23.93,0.0,1783.7778,0.8801,7262.0,2563.0,23.0,15.5699,34.0,0,9825.0
588,INFY,Mar 2015,23.2,28.0,24.39,0.0,1526.0833,0.8043,9352.0,999.0,27.0,8.8699,55.0,0,8353.0
589,INFY,Mar 2016,21.6,27.0,21.85,0.0,,0.8315,9143.0,885.0,29.0,5.3972,41.0,0,10028.0
591,INFY,Mar 2018,22.73,27.0,24.69,0.0,,0.8888,17751.0,4533.0,37.0,5.9672,59.0,0,13218.0
592,INFY,Mar 2019,18.64,24.0,23.73,0.0,,0.9835,14209.0,632.0,35.0,2.993,60.0,0,14841.0
593,INFY,Mar 2020,18.33,25.0,25.42,0.0708,147.4706,0.989,16672.0,331.0,39.0,3.0844,45.0,4633,17003.0
594,INFY,Mar 2021,19.33,28.0,25.44,0.0697,154.3077,0.9345,15851.0,7373.0,45.0,3.5947,59.0,5325,23224.0
595,INFY,Mar 2022,18.21,26.0,29.39,0.0726,168.93,1.0421,17400.0,6485.0,53.0,3.5915,59.0,5474,23885.0
596,INFY,Mar 2023,16.43,24.0,31.97,0.1101,133.2077,1.1779,21396.0,1071.0,58.0,3.6446,73.0,8299,22467.0
597,INFY,Mar 2024,17.08,24.0,29.79,0.0949,87.5234,1.1298,20117.0,5093.0,63.0,4.2548,,8359,25210.0
602,IOC,Mar 2017,5.74,10.0,19.97,0.6197,10.2872,1.2983,10532.0,17684.0,14.0,2.1544,45.0,63271,28216.0
603,IOC,Mar 2018,5.37,10.0,19.87,0.5765,11.8681,1.4246,11996.0,17119.0,15.0,1.2013,90.0,65650,29115.0
607,IOC,Mar 2022,4.37,8.0,19.27,0.9887,9.5508,1.4343,4453.0,21294.0,18.0,1.4545,46.0,132020,25747.0
609,IOC,Mar 2024,5.56,10.0,23.53,0.7231,10.2823,1.6084,39635.0,31464.0,30.0,1.3318,40.0,132628,71099.0
610,IRCTC,Mar 2015,12.37,14.0,29.5,0.0,,0.9114,23.0,46.0,13.0,2.22,20.0,0,69.0
611,IRCTC,Mar 2016,13.83,14.0,34.87,0.0,,0.9513,295.0,7.0,19.0,2.71,40.0,0,288.0
612,IRCTC,Mar 2017,15.07,21.0,29.1,0.0,127.0,0.8324,432.0,94.0,11.0,1.9675,49.0,0,338.0
613,IRCTC,Mar 2018,15.08,19.0,23.14,0.0,124.3333,0.6322,64.0,40.0,11.0,2.3875,21.0,0,24.0
614,IRCTC,Mar 2019,16.52,20.0,28.85,0.0,254.5,0.7209,146.0,353.0,4.0,0.6694,98.0,0,499.0
615,IRCTC,Mar 2020,22.66,31.0,39.04,0.0,78.0,0.6985,417.0,8.0,6.0,0.8213,39.0,0,409.0
617,IRCTC,Mar 2022,35.13,47.0,35.29,0.0561,86.0,0.4838,282.0,242.0,8.0,1.1687,42.0,105,524.0
618,IRCTC,Mar 2023,28.41,36.0,40.6,0.0339,89.0,0.6958,495.0,317.0,13.0,1.5488,44.0,84,812.0
619,IRCTC,Mar 2024,26.02,34.0,34.4,0.0186,82.7368,0.701,667.0,215.0,14.0,2.0187,47.0,60,882.0
629,ITC,Mar 2013,24.37,35.0,33.27,0.0044,111.787,0.895,3221.0,3881.0,6.0,2.9314,55.0,102,7102.0
630,ITC,Mar 2014,25.49,37.0,33.05,0.0089,484.3448,0.8643,4090.0,3254.0,7.0,3.426,54.0,242,7344.0
631,ITC,Mar 2015,25.19,37.0,30.81,0.0085,170.1209,0.8447,4568.0,5275.0,8.0,3.9571,52.0,269,9843.0
632,ITC,Mar 2016,24.24,37.0,22.26,0.002,205.3077,0.7588,5878.0,3921.0,8.0,5.3019,73.0,84,9799.0
633,ITC,Mar 2017,24.5,36.0,22.57,0.001,351.6122,0.7651,7376.0,3251.0,8.0,3.82,56.0,46,10627.0
634,ITC,Mar 2018,26.45,38.0,21.89,0.0007,163.1391,0.6763,6055.0,7114.0,9.0,4.3041,56.0,36,13169.0
635,ITC,Mar 2019,26.55,38.0,21.7,0.0002,290.3803,0.6738,7037.0,5546.0,10.0,4.8239,56.0,13,12583.0
636,ITC,Mar 2020,31.57,39.0,23.89,0.0042,268.6543,0.6388,8516.0,6174.0,12.0,5.3111,82.0,277,14690.0
637,ITC,Mar 2021,27.17,35.0,22.18,0.0045,338.6552,0.6678,18267.0,5740.0,11.0,4.9023,101.0,271,12527.0
638,ITC,Mar 2022,25.56,34.0,24.82,0.004,375.55,0.7856,13538.0,2238.0,12.0,5.0694,93.0,249,15776.0
639,ITC,Mar 2023,27.46,36.0,28.16,0.0044,356.4359,0.8263,13146.0,5732.0,15.0,5.5636,100.0,306,18878.0
640,ITC,Mar 2024,29.28,37.0,27.85,0.0041,362.9625,0.7723,18742.0,1563.0,16.0,5.9701,84.0,303,17179.0
650,JINDALSTEL,Mar 2022,13.22,30.0,18.99,0.379,7.2431,0.6676,13717.0,2331.0,56.0,35.2723,5.0,13502,16048.0
693,LICI,Mar 2021,0.43,0.0,43.2,0.0006,,0.1804,229049.0,148447.0,7.0,6.884,0.0,4,80602.0
694,LICI,Mar 2022,0.5700000000000001,0.0,36.38,0.0001,,0.1701,8748.0,12531.0,57.0,0.1793,23.0,1,-3783.0
695,LICI,Mar 2023,4.590000000000001,4.0,77.86,0.0,545.5455,0.1714,1671.0,52848.0,65.0,0.731,5.0,0,54519.0
696,LICI,Mar 2024,4.84,4.0,49.45,0.0,371.9375,0.1591,853.0,25269.0,66.0,1.3083,15.0,0,26122.0
714,LT,Mar 2021,9.5,17.0,176.9,0.1093,2.6869,12.7012,17324.0,5750.0,82.0,40.5778,44.0,798,23074.0
715,LT,Mar 2022,6.660000000000001,16.0,72.92,0.0181,2.8888,7.6084,15579.0,3585.0,62.0,47.6267,36.0,258,19164.0
716,LT,Mar 2023,6.83,15.0,75.52,0.0929,3.1823,7.8081,14729.0,8048.0,75.0,55.3067,32.0,1541,22777.0
717,LT,Mar 2024,7.03,14.0,77.66999999999999,0.1035,3.5442,8.0276,20445.0,2179.0,95.0,66.7267,36.0,2071,18266.0
718,LTIM,Mar 2013,14.59,23.0,41.97,0.1748,42.4762,1.6542,384.0,224.0,174.0,8.3688,54.0,234,608.0
719,LTIM,Mar 2014,20.24,23.0,61.86000000000001,0.0683,44.0,1.8455,808.0,180.0,309.0,10.0625,55.0,110,628.0
720,LTIM,Mar 2015,15.45,20.0,37.96,0.1076,110.4,1.6716,539.0,103.0,238.0,12.6625,63.0,218,642.0
721,LTIM,Mar 2016,14.3,18.0,39.34,0.0259,202.5,1.8636,818.0,40.0,49.0,12.5,72.0,55,858.0
722,LTIM,Mar 2017,14.94,19.0,30.88,0.0,472.3333,1.4718,209.0,961.0,57.0,18.4941,29.0,0,1170.0
723,LTIM,Mar 2018,15.22,16.0,28.81,0.0,100.8125,1.3689,392.0,452.0,65.0,22.7059,33.0,0,844.0
724,LTIM,Mar 2019,16.05,20.0,30.98,0.0,198.6364,1.4175,646.0,749.0,87.0,28.7824,32.0,0,1395.0
725,LTIM,Mar 2020,13.97,19.0,28.13,0.1688,28.4096,1.2341,1001.0,643.0,87.0,31.7882,32.0,912,1644.0
726,LTIM,Mar 2021,15.67,22.0,26.53,0.1093,37.962,1.1554,743.0,1657.0,111.0,40.5778,36.0,798,2400.0
727,LTIM,Mar 2022,15.13,20.0,27.65,0.0181,48.9024,1.2692,1608.0,1643.0,225.0,47.6267,41.0,258,3251.0
728,LTIM,Mar 2023,13.29,18.0,26.58,0.0929,44.4333,1.4132,2824.0,271.0,149.0,55.3067,40.0,1541,3095.0
729,LTIM,Mar 2024,12.91,18.0,22.9,0.1035,31.9324,1.2895,1752.0,3918.0,155.0,66.7267,42.0,2071,5670.0
744,MARUTI,Mar 2015,7.5,14.0,15.66,0.0274,35.3624,1.4735,1958.0,4491.0,126.0,16.1046,20.0,666,6449.0
745,MARUTI,Mar 2016,9.55,16.0,17.95,0.0075,127.9024,1.3479,1252.0,7230.0,182.0,20.2755,19.0,231,8482.0
746,MARUTI,Mar 2017,11.03,15.0,20.26,0.0131,144.0449,1.3103,1109.0,9173.0,249.0,24.553,30.0,484,10282.0
747,MARUTI,Mar 2018,9.87,15.0,18.52,0.0028,41.2514,1.3247,3486.0,8302.0,261.0,28.1848,31.0,121,11788.0
748,MARUTI,Mar 2019,8.89,13.0,16.25,0.0034,180.5263,1.3455,3061.0,3540.0,253.0,31.1868,32.0,160,6601.0
753,MARUTI,Mar 2024,9.51,13.0,15.75,0.0014,117.9072,1.2303,4936.0,11865.0,429.0,54.5452,29.0,119,16801.0
771,NAUKRI,Mar 2018,50.71,22.0,24.5,0.0005,124.0,0.3806,104.0,149.0,42.0,1.6762,13.0,1,253.0
772,NAUKRI,Mar 2019,51.43,1.0,23.28,0.0004,106.5714,0.3609,217.0,59.0,49.0,2.0844,12.0,1,276.0
778,NESTLEIND,Dec 2013,12.27,21.0,47.17,0.5021,55.2703,1.4414,1355.0,441.0,12.0,2.4667,42.0,1189,1796.0
779,NESTLEIND,Dec 2014,12.02,21.0,41.77,0.007,151.8571,1.6933,1212.0,432.0,12.0,2.9552,51.0,20,1644.0
780,NESTLEIND,Dec 2015,6.890000000000001,19.0,19.99,0.0064,388.0,1.3432,1028.0,70.0,6.0,2.9344,83.0,18,1098.0
781,NESTLEIND,Dec 2016,10.95,20.0,30.5,0.0101,21.8681,1.3423,1340.0,126.0,10.0,3.4188,61.0,33,1466.0
782,NESTLEIND,Dec 2017,12.24,21.0,35.82,0.0102,24.7174,1.3595,1687.0,131.0,13.0,3.5625,68.0,35,1818.0
783,NESTLEIND,Dec 2018,14.23,23.0,43.75,0.0095,25.6875,1.3961,2000.0,52.0,17.0,3.826,69.0,35,2052.0
784,NESTLEIND,Dec 2019,15.91,24.0,102.61,0.0985,24.5969,1.7244,2378.0,83.0,20.0,1.9979,168.0,189,2295.0
785,NESTLEIND,Dec 2020,15.6,24.0,103.12,0.0728,20.4146,1.6899,2133.0,321.0,22.0,2.1031,93.0,147,2454.0
786,NESTLEIND,Dec 2021,14.37,24.0,108.84,0.1367,17.0792,1.7903,316.0,1920.0,22.0,2.0271,91.0,266,2236.0
787,NESTLEIND,Dec 2022,14.15,22.0,97.23,0.1102,24.6,1.8818,2345.0,392.0,25.0,2.5615,89.0,271,2737.0
788,NESTLEIND,Dec 2023,15.68,23.0,121.96,0.1102,38.5462,2.1301,2465.0,927.0,31.0,2.5615,56.0,271,3392.0
789,NESTLEIND,Mar 2024,16.12,24.0,117.75,0.1033,41.1862,2.3182,2938.0,1237.0,41.0,3.4792,79.0,345,4175.0
818,ONGC,Mar 2017,10.33,19.0,15.01,0.4117,18.2478,0.6355,1965.0,43815.0,19.0,3.0292,40.0,80029,45780.0
820,ONGC,Mar 2019,8.05,18.0,15.64,0.4967,14.4571,0.8564,24326.0,37132.0,24.0,3.4489,29.0,107742,61458.0
823,ONGC,Mar 2022,10.03,16.0,19.0,0.4701,15.2161,0.8422,37051.0,41197.0,36.0,4.1256,29.0,121986,78248.0
825,ONGC,Mar 2024,9.66,17.0,16.94,0.4544,11.3613,0.8332,42060.0,57203.0,39.0,5.3588,31.0,153181,99263.0
838,PIDILITIND,Mar 2013,11.53,15.0,25.68,0.0672,41.5625,1.406,328.0,144.0,8.0,3.2373,31.0,111,472.0
839,PIDILITIND,Mar 2014,10.51,16.0,23.05,0.0236,44.375,1.4628,295.0,99.0,9.0,3.8275,31.0,46,394.0
840,PIDILITIND,Mar 2015,10.61,16.0,22.64,0.0256,50.6875,1.4612,116.0,436.0,10.0,4.451,29.0,58,552.0
841,PIDILITIND,Mar 2016,15.05,22.0,30.59,0.0303,96.4615,1.4435,416.0,491.0,16.0,5.1725,26.0,80,907.0
843,PIDILITIND,Mar 2018,15.89,22.0,27.03,0.035,93.375,1.1691,835.0,39.0,19.0,7.0078,32.0,125,796.0
844,PIDILITIND,Mar 2019,13.11,19.0,22.37,0.0272,57.7308,1.1988,332.0,513.0,18.0,8.1333,36.0,113,845.0
845,PIDILITIND,Mar 2020,15.38,22.0,25.18,0.0646,49.2059,1.1182,1383.0,103.0,22.0,8.7373,32.0,288,1280.0
847,PIDILITIND,Mar 2022,12.17,19.0,18.85,0.065,45.119,1.045,397.0,558.0,24.0,12.5569,42.0,416,955.0
848,PIDILITIND,Mar 2023,10.92,17.0,17.87,0.0542,42.5208,1.1232,659.0,899.0,25.0,14.1412,44.0,391,1558.0
849,PIDILITIND,Mar 2024,14.11,22.0,20.78,0.0454,54.3333,1.0254,955.0,1769.0,34.0,16.4843,47.0,382,2724.0
958,SBILIFE,Mar 2013,4.24,3.0,23.03,0.0,179.75,0.2768,903.0,227.0,6.0,0.2736,8.0,0,1130.0
960,SBILIFE,Mar 2015,3.48,3.0,20.09,0.0,244.25,0.3157,2533.0,178.0,8.0,0.4056,15.0,0,2711.0
963,SBILIFE,Mar 2018,3.38,4.0,17.62,0.0,248.0,0.2799,1485.0,8910.0,12.0,0.6528,17.0,0,10395.0
965,SBILIFE,Mar 2020,3.25,3.0,16.26,0.0,,0.2645,2313.0,16986.0,14.0,0.8743,0.0,0,19299.0
970,SHREECEM,Jun 2013,18.53,29.0,26.12,0.3351,9.057,0.8795,990.0,270.0,288.0,10.9829,7.0,1288,1260.0
971,SHREECEM,Jun 2014,13.77,24.0,16.71,0.2547,11.5814,0.7798,167.0,1234.0,226.0,13.46,10.0,1200,1401.0
973,SHREECEM,Mar 2017,15.58,29.0,17.39,0.168,22.2868,0.7697,154.0,2048.0,384.0,21.9943,36.0,1293,2202.0
977,SHREECEM,Mar 2021,17.23,30.0,15.18,0.1448,17.996,0.6303,1603.0,2651.0,646.0,42.7694,9.0,2230,4254.0
993,SIEMENS,Sep 2011,7.26,10.0,22.75,0.0,56.5385,1.1769,267.0,264.0,,5.6118,24.0,0,3.0
995,SIEMENS,Sep 2015,11.11,9.0,22.94,0.0049,64.7,0.9988,1220.0,646.0,33.0,7.207,30.0,25,574.0
996,SIEMENS,Sep 2016,26.89,9.0,42.83,0.0037,379.7273,0.9041,750.0,237.0,82.0,9.5817,41.0,25,513.0
1004,SIEMENS,Sep 2024,12.22,14.0,17.7,0.0182,67.15,0.8791,1168.0,502.0,76.0,21.6296,16.0,279,1670.0
1005,SUNPHARMA,Mar 2013,31.17,43.0,23.14,0.0173,109.1628,0.5463,982.0,2375.0,14.0,14.4135,9.0,260,3357.0
1006,SUNPHARMA,Mar 2014,24.12,44.0,20.94,0.1382,114.4318,0.5527,1783.0,2176.0,15.0,8.9493,10.0,2561,3959.0
1007,SUNPHARMA,Mar 2015,19.99,29.0,21.36,0.3509,14.1226,0.5622,4114.0,1502.0,22.0,12.3855,14.0,8996,5616.0
1008,SUNPHARMA,Mar 2016,19.86,29.0,17.15,0.2576,15.5488,0.5139,2737.0,3949.0,19.0,13.6859,5.0,8497,6686.0
1009,SUNPHARMA,Mar 2017,24.85,32.0,21.41,0.2683,26.78,0.5169,2896.0,4186.0,29.0,15.2667,12.0,9832,7082.0
1016,SUNPHARMA,Mar 2024,19.82,28.0,15.09,0.0514,58.3319,0.5685,11372.0,763.0,40.0,26.5279,34.0,3274,12135.0
1030,TATAMOTORS,Mar 2014,6.03,15.0,21.42,0.9244,7.306,1.066,8160.0,27991.0,48.0,10.187,5.0,60642,36151.0
1062,TATASTEEL,Mar 2022,17.11,26.0,36.48,0.6603,11.862,0.8638,33476.0,10905.0,33.0,9.3729,16.0,75561,44381.0
1065,TCS,Mar 2013,22.35,29.0,36.52,0.0086,400.375,1.2129,5577.0,6038.0,36.0,19.6663,31.0,332,11615.0
1066,TCS,Mar 2014,23.63,31.0,39.3,0.006,686.9231,1.2242,5299.0,9452.0,49.0,25.0995,33.0,297,14751.0
1067,TCS,Mar 2015,21.19,26.0,39.62,0.0071,271.1731,1.2909,17562.0,1807.0,51.0,25.8342,78.0,358,19369.0
1068,TCS,Mar 2016,22.4,28.0,34.23999999999999,0.0034,1023.0606,1.2305,14099.0,5010.0,62.0,36.0772,35.0,245,19109.0
1069,TCS,Mar 2017,22.34,27.0,30.57,0.0034,1141.625,1.1528,8328.0,16895.0,67.0,43.7635,35.0,289,25223.0
1070,TCS,Mar 2018,21.02,26.0,30.4,0.0029,695.3462,1.171,28171.0,3104.0,67.0,44.5696,37.0,247,25067.0
1071,TCS,Mar 2019,21.55,27.0,35.29,0.0007,221.298,1.2859,30238.0,1645.0,84.0,23.8523,36.0,62,28593.0
1072,TCS,Mar 2020,20.67,27.0,38.57,0.0972,50.5422,1.3065,41337.0,8968.0,86.0,22.4336,85.0,8174,32369.0
1073,TCS,Mar 2021,19.83,28.0,37.66999999999999,0.0902,76.0785,1.263,30846.0,7956.0,88.0,23.3603,43.0,7795,38802.0
1074,TCS,Mar 2022,20.05,28.0,43.13,0.0877,72.7997,1.3607,39211.0,738.0,105.0,24.3549,41.0,7818,39949.0
1075,TCS,Mar 2023,18.76,26.0,46.78,0.085,80.4981,1.5782,42513.0,548.0,115.0,24.706,100.0,7688,41965.0
1076,TCS,Mar 2024,19.14,27.0,50.94,0.0886,87.0951,1.6559,50429.0,6091.0,127.0,24.997,58.0,8021,44338.0
1077,TECHM,Mar 2013,19.02,21.0,24.09,0.2543,12.4369,0.765,233.0,622.0,25.0,4.2391,5.0,1380,855.0
1078,TECHM,Mar 2013,19.02,21.0,24.09,0.2543,12.4369,0.765,233.0,622.0,25.0,4.2391,5.0,1380,855.0
1079,TECHM,Mar 2014,16.29,22.0,33.35,0.0395,55.2,1.1795,1887.0,291.0,32.0,3.9239,15.0,363,1596.0
1080,TECHM,Mar 2014,16.29,22.0,33.35,0.0395,55.2,1.1795,1887.0,291.0,32.0,3.9239,15.0,363,1596.0
1081,TECHM,Mar 2015,11.75,19.0,21.71,0.0572,62.3043,1.1397,583.0,1865.0,27.0,2.5517,22.0,700,2448.0
1082,TECHM,Mar 2015,11.75,19.0,21.71,0.0572,62.3043,1.1397,583.0,1865.0,27.0,2.5517,22.0,700,2448.0
1083,TECHM,Mar 2016,11.43,16.0,20.75,0.0748,48.5876,1.1762,1684.0,1453.0,31.0,3.3466,35.0,1091,3137.0
1084,TECHM,Mar 2016,11.43,16.0,20.75,0.0748,48.5876,1.1762,1684.0,1453.0,31.0,3.3466,35.0,1091,3137.0
1085,TECHM,Mar 2017,9.78,14.0,17.35,0.0831,38.4419,1.1184,1178.0,2893.0,29.0,3.7442,28.0,1366,4071.0
1086,TECHM,Mar 2017,9.78,14.0,17.35,0.0831,38.4419,1.1184,1178.0,2893.0,29.0,3.7442,28.0,1366,4071.0
1087,TECHM,Mar 2018,12.3,15.0,20.09,0.1272,37.821,1.0112,235.0,3319.0,39.0,4.2631,33.0,2397,3554.0
1088,TECHM,Mar 2018,12.3,15.0,20.09,0.1272,37.821,1.0112,235.0,3319.0,39.0,4.2631,33.0,2397,3554.0
1089,TECHM,Mar 2019,12.35,18.0,21.14,0.0984,51.1654,1.0387,2328.0,2104.0,44.0,4.5687,29.0,1996,4432.0
1090,TECHM,Mar 2019,12.35,18.0,21.14,0.0984,51.1654,1.0387,2328.0,2104.0,44.0,4.5687,29.0,1996,4432.0
1091,TECHM,Mar 2020,10.57,15.0,17.87,0.1682,34.8698,0.9879,5439.0,1081.0,42.0,5.003,32.0,3670,4358.0
1092,TECHM,Mar 2020,10.57,15.0,17.87,0.1682,34.8698,0.9879,5439.0,1081.0,42.0,5.003,32.0,3670,4358.0
1093,TECHM,Mar 2021,11.5,18.0,17.51,0.1167,43.5862,0.9559,2661.0,5433.0,46.0,5.6899,89.0,2901,8094.0
1094,TECHM,Mar 2021,11.5,18.0,17.51,0.1167,43.5862,0.9559,2661.0,5433.0,46.0,5.6899,89.0,2901,8094.0
1095,TECHM,Mar 2022,12.61,18.0,20.94,0.0974,56.0429,1.0052,5765.0,480.0,57.0,6.1244,47.0,2618,5285.0
1096,TECHM,Mar 2022,12.61,18.0,20.94,0.0974,56.0429,1.0052,5765.0,480.0,57.0,6.1244,47.0,2618,5285.0
1097,TECHM,Mar 2023,9.11,15.0,17.39,0.0981,26.773,1.1629,5346.0,226.0,50.0,6.3464,91.0,2740,5572.0
1098,TECHM,Mar 2023,9.11,15.0,17.39,0.0981,26.773,1.1629,5346.0,226.0,50.0,6.3464,91.0,2740,5572.0
1101,TITAN,Mar 2013,7.16,10.0,36.8,0.0,21.8235,1.7204,411.0,142.0,8.0,2.2135,26.0,0,553.0
1103,TITAN,Mar 2015,6.850000000000001,10.0,26.46,0.0324,15.0617,2.0302,385.0,118.0,9.0,3.4652,25.0,100,503.0
1104,TITAN,Mar 2016,5.99,8.0,19.25,0.0322,24.0,1.778,417.0,159.0,8.0,3.9404,29.0,113,576.0
1105,TITAN,Mar 2017,5.26,9.0,16.47,0.4446,29.5263,1.5772,759.0,953.0,8.0,4.7562,32.0,1882,1712.0
1106,TITAN,Mar 2018,6.84,10.0,21.65,0.3322,32.3396,1.6931,47.0,98.0,13.0,5.7191,29.0,1691,-51.0
1107,TITAN,Mar 2019,7.02,10.0,22.88,0.3942,40.9811,1.6891,446.0,797.0,16.0,6.8202,32.0,2393,1243.0
1110,TITAN,Mar 2022,7.630000000000001,12.0,23.63,0.782,16.1514,1.3592,441.0,1165.0,24.0,10.4528,31.0,7275,-724.0
1114,TORNTPHARM,Mar 2014,15.92,23.0,34.89,0.5949,16.7627,0.8307,181.0,418.0,20.0,2.2388,25.0,1132,599.0
1116,TORNTPHARM,Mar 2016,25.92,41.0,49.6,0.6732,15.0272,0.7525,1873.0,869.0,51.0,4.1106,34.0,2352,2742.0
1117,TORNTPHARM,Mar 2017,16.06,24.0,21.47,0.5769,7.767,0.6058,211.0,798.0,28.0,5.1188,25.0,2510,1009.0
1121,TORNTPHARM,Mar 2021,15.64,31.0,21.45,0.8349,7.187,0.5687,1561.0,444.0,37.0,6.8682,47.0,4874,2005.0
1123,TORNTPHARM,Mar 2023,12.94,30.0,20.09,0.8662,8.6697,0.6585,33.0,2335.0,37.0,3.6675,60.0,5369,2368.0
1124,TORNTPHARM,Mar 2024,15.44,31.0,24.15,0.5866,9.9266,0.7396,3106.0,160.0,49.0,4.0568,57.0,4022,3266.0
1136,TRENT,Mar 2024,11.94,16.0,36.31,0.4309,8.0435,1.7279,841.0,508.0,42.0,11.3,8.0,1753,1349.0
1138,TVSMOTOR,Mar 2014,2.23,6.0,16.11,0.627,6.7,2.3084,235.0,235.0,4.0,2.4188,37.0,728,470.0
1140,TVSMOTOR,Mar 2016,3.77,7.0,23.58,0.5998,13.0286,2.2108,331.0,605.0,9.0,3.7896,28.0,1091,936.0
1175,INDIGO,Mar 2015,9.36,1904.0,4939.39,0.1515,30.4709,228.2787,1444.0,940.0,42481.0,6.6,83.0,4,2384.0
1176,INDIGO,Mar 2016,12.3,3164.0,1534.78,0.0618,25.235,82.3469,1779.0,1337.0,55.0,32.35,27.0,8,3116.0
1177,INDIGO,Mar 2017,8.93,2219.0,1692.86,0.5306,20.7529,75.5285,749.0,3033.0,46.0,0.3379,74.0,52,3782.0
1179,INDIGO,Mar 2019,0.5499999999999999,-151.0,120.93,0.6822,21.6204,76.3995,634.0,2526.0,4.0,0.4448,123.0,88,3160.0
1184,INDIGO,Mar 2024,11.85,16331.0,892.57,0.0186,22.6126,56.3863,9424.0,11759.0,212.0,1.9062,0.0,17,21183.0
